# [1]CHROM	[2]POS	[3]REF	[4]ALT	[5]AB		[6]SRR12535937:GT
NC_003977.2	17	A	G	0		1/1
NC_003977.2	24	T	G	0		1/1
NC_003977.2	27	GC	AA,AC	0.31121,0.68762		1/2
NC_003977.2	98	T	C	0		1/1
NC_003977.2	107	C	T	0		1/1
NC_003977.2	113	C	A	0		1/1
NC_003977.2	115	TT	AC	0		1/1
NC_003977.2	125	T	C	0		1/1
NC_003977.2	134	G	A	0		1/1
NC_003977.2	168	C	T	0.405401		0/1
NC_003977.2	178	T	C	0		1/1
NC_003977.2	192	T	G	0		1/1
NC_003977.2	211	T	G	0.208313		0/1
NC_003977.2	329	C	T	0		1/1
NC_003977.2	332	A	G	0		1/1
NC_003977.2	348	T	C	0		1/1
NC_003977.2	357	A	G	0.340397		0/1
NC_003977.2	458	A	G	0.336134		0/1
NC_003977.2	495	C	T	0		1/1
NC_003977.2	501	A	C	0		1/1
NC_003977.2	516	A	C	0		1/1
NC_003977.2	520	C	A	0		1/1
NC_003977.2	522	G	A	0		1/1
NC_003977.2	530	T	C	0		1/1
NC_003977.2	535	A	C	0		1/1
NC_003977.2	543	A	C	0		1/1
NC_003977.2	621	C	A	0		1/1
NC_003977.2	726	T	G	0		1/1
NC_003977.2	776	G	C	0		1/1
NC_003977.2	779	T	C	0.835524		0/1
NC_003977.2	786	T	G	0		1/1
NC_003977.2	854	G	A	0		1/1
NC_003977.2	870	C	T	0		1/1
NC_003977.2	873	A	C	0		1/1
NC_003977.2	878	T	C	0		1/1
NC_003977.2	908	C	A	0		1/1
NC_003977.2	920	A	T	0		1/1
NC_003977.2	928	T	A	0		1/1
NC_003977.2	932	A	G	0		1/1
NC_003977.2	963	A	G	0		1/1
NC_003977.2	977	T	C	0.898532		0/1
NC_003977.2	989	A	C	0		1/1
NC_003977.2	998	A	T	0		1/1
NC_003977.2	1052	G	T	0		1/1
NC_003977.2	1055	G	A	0		1/1
NC_003977.2	1061	T	C	0		1/1
NC_003977.2	1251	T	C	0		1/1
NC_003977.2	1278	G	C	0.255319		0/1
NC_003977.2	1279	A	T	0.296296		0/1
NC_003977.2	2377	A	C,G	0.214286,0.5		1/2
NC_003977.2	2443	T	C	0		1/1
NC_003977.2	2479	G	A	0		1/1
NC_003977.2	2488	T	G	0		1/1
NC_003977.2	2509	A	T	0		1/1
NC_003977.2	2539	A	C	0		1/1
NC_003977.2	2590	G	A	0		1/1
NC_003977.2	2611	T	C	0		1/1
NC_003977.2	2627	T	C	0		1/1
NC_003977.2	2635	G	A	0		1/1
NC_003977.2	2647	C	T	0		1/1
NC_003977.2	2650	G	A	0		1/1
NC_003977.2	2665	T	C	0.904217		0/1
NC_003977.2	2677	A	G	0		1/1
NC_003977.2	2719	A	G	0		1/1
NC_003977.2	2740	T	C	0		1/1
NC_003977.2	2746	C	T	0		1/1
NC_003977.2	2752	A	G	0		1/1
NC_003977.2	2774	A	G	0		1/1
NC_003977.2	2783	A	C	0		1/1
NC_003977.2	3014	T	A	0		1/1
NC_003977.2	3077	T	C	0		1/1
NC_003977.2	3113	C	T	0		1/1
NC_003977.2	3119	A	G	0.843287		0/1
NC_003977.2	3131	T	G	0.864309		0/1
NC_003977.2	3137	G	T	0		1/1
NC_003977.2	3156	A	G	0		1/1
NC_003977.2	3160	C	G	0		1/1
NC_003977.2	3173	CATG	G	0		1/1
