# [1]CHROM	[2]POS	[3]REF	[4]ALT	[5]AB		[6]SRR12535936:GT
NC_003977.2	3	T	C	0		1/1
NC_003977.2	45	A	G	0.311764		0/1
NC_003977.2	98	T	C	0		1/1
NC_003977.2	242	C	T	0.206925		0/1
NC_003977.2	348	T	C	0		1/1
NC_003977.2	356	C	A	0.864263		0/1
NC_003977.2	402	C	A	0.663535		0/1
NC_003977.2	501	A	C	0		1/1
NC_003977.2	522	G	C	0		1/1
NC_003977.2	530	T	C	0		1/1
NC_003977.2	535	A	C	0		1/1
NC_003977.2	632	G	C	0.205531		0/1
NC_003977.2	772	TA	AG,TG,CA	0.284162,0.4061,0.278999		1/2
NC_003977.2	839	C	T	0		1/1
NC_003977.2	851	A	C	0		1/1
NC_003977.2	884	T	G	0		1/1
NC_003977.2	951	A	C	0.705563		0/1
NC_003977.2	963	A	G	0.377153		0/1
NC_003977.2	1016	T	G	0.319121		0/1
NC_003977.2	1052	G	T	0		1/1
NC_003977.2	1055	G	A	0		1/1
NC_003977.2	1061	T	C	0		1/1
NC_003977.2	1219	T	C	0		1/1
NC_003977.2	1223	G	A	0		1/1
NC_003977.2	1251	TC	CT	0		1/1
NC_003977.2	2376	A	C	0.857143		0/1
NC_003977.2	2407	C	A	0		1/1
NC_003977.2	2431	C	A	0.897822		0/1
NC_003977.2	2507	G	A	0.567722		0/1
NC_003977.2	2627	T	C	0		1/1
NC_003977.2	2647	C	T	0		1/1
NC_003977.2	2664	T	C	0.898773		0/1
NC_003977.2	2774	A	G	0		1/1
NC_003977.2	2784	A	G	0		1/1
NC_003977.2	3026	G	A	0.852493		0/1
NC_003977.2	3038	T	C	0.346551		0/1
NC_003977.2	3156	A	G	0		1/1
