# [1]CHROM	[2]POS	[3]REF	[4]ALT	[5]AB		[6]SRR16741159:GT
MN908947.3	37	C	T	0.714286		0/1
MN908947.3	42	T	A	0.702899		0/1
MN908947.3	174	G	T	0		1/1
MN908947.3	205	T	C	0.226317		0/1
MN908947.3	241	C	T	0		1/1
MN908947.3	1059	C	T	0		1/1
MN908947.3	2692	A	T	0		1/1
MN908947.3	2704	C	T	0		1/1
MN908947.3	3037	C	T	0		1/1
MN908947.3	4524	C	T	0		1/1
MN908947.3	6340	T	C	0.278567		0/1
MN908947.3	7977	T	C	0.416814		0/1
MN908947.3	10323	A	G	0		1/1
MN908947.3	11287	GTCTGGTTTTA	GA	0		1/1
MN908947.3	13379	G	T	0.25		0/1
MN908947.3	14408	C	T	0		1/1
MN908947.3	16809	T	G	0.3		0/1
MN908947.3	17679	G	A	0		1/1
MN908947.3	18255	GTT	GT	0.408869		0/1
MN908947.3	18963	T	G	0		1/1
MN908947.3	21801	A	C	0		1/1
MN908947.3	22206	A	G	0		1/1
MN908947.3	22280	ACTTTACTTGC	AC	1		0/1
MN908947.3	22813	G	T	0		1/1
MN908947.3	23012	G	A	0		1/1
MN908947.3	23063	A	T	0		1/1
MN908947.3	23133	T	G	0.459016		0/1
MN908947.3	23664	C	T	0		1/1
MN908947.3	23677	T	C	0.340156		0/1
MN908947.3	25563	G	T	0		1/1
MN908947.3	25904	C	T	0		1/1
MN908947.3	26164	C	T	0		1/1
MN908947.3	26456	C	T	0		1/1
MN908947.3	26528	A	T	0		1/1
MN908947.3	26533	C	T	0		1/1
MN908947.3	26579	A	C	0.58651		0/1
MN908947.3	26590	T	C	0.356589		0/1
MN908947.3	27040	C	A	0.275064		0/1
MN908947.3	27870	G	T	0		1/1
MN908947.3	28887	C	T	0		1/1
MN908947.3	29039	A	T	0.432432		0/1
MN908947.3	29358	C	T	0		1/1
