# [1]CHROM	[2]POS	[3]REF	[4]ALT	[5]AB		[6]SRR14824572:GT
MN908947.3	241	C	T	0		1/1
MN908947.3	1093	C	T	0		1/1
MN908947.3	1218	C	T	0.583618		0/1
MN908947.3	1498	C	T	0		1/1
MN908947.3	1807	A	G	0		1/1
MN908947.3	2514	A	G	0.2		0/1
MN908947.3	2659	G	A	0		1/1
MN908947.3	2706	C	T	0		1/1
MN908947.3	3037	C	T	0		1/1
MN908947.3	3482	G	A	0		1/1
MN908947.3	4151	T	G	0.224		0/1
MN908947.3	4157	G	T	0.315789		0/1
MN908947.3	6285	C	T	0		1/1
MN908947.3	8593	T	C	0		1/1
MN908947.3	9565	C	T	0		1/1
MN908947.3	11287	GTCTGGTTTTA	GA	0		1/1
MN908947.3	11704	C	T	0		1/1
MN908947.3	12705	T	C	0		1/1
MN908947.3	13035	C	T	0.337049		0/1
MN908947.3	13084	T	A	0.21519		0/1
MN908947.3	14407	CC	TT	0		1/1
MN908947.3	16575	C	T	0.325117		0/1
MN908947.3	18171	C	T	0		1/1
MN908947.3	20724	A	G	0		1/1
MN908947.3	21163	A	G	0.222222		0/1
MN908947.3	21717	A	G	0		1/1
MN908947.3	21762	C	T	0		1/1
MN908947.3	21765	TACATGT	T	0		1/1
MN908947.3	21990	TTTATTAC	TTTAC	0		1/1
MN908947.3	22332	G	C	0.222222		0/1
MN908947.3	23012	G	A	0		1/1
MN908947.3	23593	G	C	0		1/1
MN908947.3	24224	T	C	0		1/1
MN908947.3	24748	C	T	0		1/1
MN908947.3	26305	C	T	0		1/1
MN908947.3	26767	T	C	0		1/1
MN908947.3	27204	GTTTC	GC	0		1/1
MN908947.3	27507	A	G	0		1/1
MN908947.3	28277	TCTGA	TA	0		1/1
MN908947.3	28308	C	G	0		1/1
MN908947.3	28699	A	G	0		1/1
MN908947.3	28887	C	T	0		1/1
MN908947.3	29268	C	A	0		1/1
MN908947.3	29543	G	T	0		1/1
